prompts,seeds
"Elle Fanning at Variety's Power of Young Hollywood presented by Pixhug held at NeueHouse Hollywood, Los Angeles, California, United States...",5107435
"Herders with a yak team. Big Pamir, Afghanistan.",63270105
"3D When Marnie Was There 107 Anime Wall Murals Woven paper (need glue), XXXL 416cm x 254cm (HxW)(164''x100'')",7204754
Gretsch G5420 Electromatic AG LH,94121136
The Spawn Chunks 056: Technically Not Technical,47051435
"Zumba classes in Lodi attract professional dancers, casual exercisers",46722705
R's Racing Service - RRP Ultra Lightweight Pulley Kit,75549677
What's Causing the Squeeze on Passive Board Components?,3720939
friendly house portland se urban small lot portland oregon modern house green infill project designed,32071232
anne klein women's rose gold tone watch with leather band,48624429
'Marvel's Agents Of S.H.I.E.L.D.'s' Best Shots: The Show's Executive Producers Pick The 5 Episodes You Have To Watch Right Now,59628522
Bezel-Set Solitaire Ring,89515135
James Bond Roger Moore Madeline Smith genuine authentic signed autograph photo,86305185
French Apple and Calvados Tart nigellaeatseverything.com,96832086
Awe Inspiring Holiday At Bridge Cottage In Peppercombe North Devon The Interior Design Ideas Pimpapslepicentreinfo,36932232
How Should Glasses Fit Your Face?,38156018
"""""""df9d78a8d82b Tame Impala's Kevin Parker: """"""""I have to feel worthless to want to make music""""""""""""""",56908192
Pineapple Paradise Spiral Journal,6940563
Metod Base Cabinet With Shelves White Tingsryd Black 20x60 Cm Ikea,6369526
First Communion Veil with Clear Beads Edge,20129879
Journalist Isabelle Ithurburu attends the GQ Men Of The Year Awards 2017 at Le Trianon on November 15 2017 in Paris France,61429828
Southbend SLGB/22SC SilverStar Double Deck Gas Convection Oven Bakery Depth,51682697
Alexander McQueen Side-panel tailored trousers,15665194
Traveler's Choice TC3300 Toronto 29,61756590
"Photo of 159 E Pathfinders Circle, The Woodlands, TX 77381 (MLS # 17636899)",35861724
Hapag-Lloyd to roll out fleet management system,31947796
17 Empire Lamp Shade,19754084
"Get Out, the most talked about horror film of 2017, had many endings written, according to the film's director, Jordan Peele. But the one you saw in theaters wasn't the original. Instead of Rod (Lil Rel Howery) showing up to save Chris (Daniel Kaluuya), it was what everyone originally expected: two white cops. A defeated [?€?]",72134512
joshua-tree-anniversary-session-megan-welker-photography059,98385603
Maria Sharapova: Facts and stats behind Russian tennis great,25591985
Order Handmade Decorative Kutch Embroidery Parasol Umbrella Online,30245302
Abstract Wall Art 'Urban Triptych 3 Large' - Urban Decor on Metal or Plexiglass - Image 3,97404215
Wooden Carved Snowflake XMAS Mug Coasters Chic Holder Coffee Tea Drinks Cup Mat,58427133
Your first look at the dystopian desert world of Young Ones,20388940
Mineral Warm Paint Trends For 2014 G Amp B Inspiration,67705429
Waring CAC72 1 Gallon Blender Container for Waring Blenders CB10B / CB10BT / CB15/CB15T,1852017
1834 CAPPED BUST SILVER HALF DIME  FINE 5C,98014324
Lorene Upholstered Bench by Everly Quinn,77917985
Allergies are thought to suppress the growth of cancerous cells in the brain.Photo / Thinkstock,10503315
Zanerobe Sureshot Jogger Pants Tan,53202858
Lighthouse Throw Pillow featuring the photograph Cape May Lighthouse II by Christiane Schulze Art And Photography,31882427
Round Cut White Sapphire Butterfly S925 Silver Promise Rings,45374747
King of Rims New 16 inch RS Classic Design Wheel a set of 4 (Bbs Rims 4x100 compare prices),80397097
End of bans on non-essential travel in Belgium,46004229
Wondrous Fenton Fenton Leather Dining Chairs Modern Dining Chairs Theyellowbook Wood Chair Design Ideas Theyellowbookinfo,65639237
Huawei to roll out its own operating system to  smartphones,29402396
Porsche 356 1979 Limited Edition Silk Screen by Andreas Hentrich,26260790
Headshot Portrait Of Textile Artist Holding Wooden Quilting Hoop In Front Of Quilted Kokopelli Figures,24642311
1938 Frazer Nash BMW 328 For Sale at The Classic Motor Hub,87123219
street art interacts with nature 6,95932917
Beautiful present boxes,8585399
Water Drip String Ethnic Drop Earrings Boho Bohemian Accessories,67154904
Connor Pleather Slides in Blush,28310929
"These healthy pumpkin spice oatmeal cookies are gluten free and super easy to make. Bake them up when you're short on time, but still want all that wonderful pumpkin spice flavor of fall.",45142757
Flame and fire symbols Imagens,74642291
Jinllingsly - Gray 3 Piece Sectional,44597296
balance note diamond Earrings,83007679
Mother of the Bride Bangle Bracelet - Heartfelt Tokens,21087201
Adults Aquas Glove,11522709
thai-kylling-suppe,10428584
passiflora caerulea blaue passionsblume tropical seeds. Black Bedroom Furniture Sets. Home Design Ideas,68815179
Leather Watchband 24mm 22mm 20mm Black Men Women Watches Band 18mm 16mm Wrist Watch Strap 14mm 12mm Metal Buckle Brown 2019 New,85350367
Dillards Dresses Sale 106 Best Antonio Melani Fashion Images On With Dillards Womens Dresses,684362
20 incredible moments from India Couture Week 2016,83307392
STEALTHY: The USS Zumwalt is undergoing a series of tests in the Atlantic Ocean.,54728297
"garland with cream, pale blue and turquoise tassels, hanging on a cream wall, decorated with three posters, and other ornaments, bed with three pillows nearby",77852468
White flower bouquet frame one side,23986963
MOTOGP Championship Grand Prix superbike race racing moto le-mans (132) wallpaper,11016906
"St Paul's from Bankside, London by William Richardson",21863910
"Travel Makeup Train Case, Professional Cosmetic Bag Portable",74718678
Danang house for rent Phan Tu Street living room 2,33435277
Room Darkening Print Curtains for Bedroom Blackout Tile Print Drapes 2 Planes,43709515
Davelandblog: Screen Gem Saturdays: Sixteen Candles,46510638
Powders and Grains,29368535
Spigen Liquid Air Armor Designed for Samsung Galaxy S8 Case (2017) - Black,59808824
Motor Yacht Navetta 73 by Absolute Yachts 2017,17688635
Matrix - Cama doble plegable con escritorio y estantes,51074553
black video camera on rock,71580146
Extended and Upgraded Villa | Full Polo Field View,44227485
Woven Backpack,99876612
David Wight Glass Art Sculptures at Ocean Blue Galleries,24929096
levin residence5,23247113
online Exposed Zip Suede Shorts - PINK L,61891967
Nike Mercurial Vapor 11 CR7 Chapter 5 Cut to Brilliance (6),41537232
lonelyness: swimming single goldfish isolated on white showing lonelyness concept,21311447
Hacklesbury - Brownstone 4 Piece Sectional,35962252
cnh industrial,71810376
"""14"""" TULIP & TEDDY*Bearington Bear*NEW*NWT*Spring*Flower*Garden*143286""",54785832
Royal Blue PU and Velvet Flap Pocket Drawstring Backpack,7747041
Black Cats are Beautiful / .,99466667
"Michelle Sourie Robinson, President, Michigan Minority Supplier Development Council",97161295
quick access toolbar excel,53272779
"Emily Blake (blue top) and Kara Wayment (white top) at the start of the Roger Curran Memorial Run girl's junior varsity 5k race at West Park in Nampa, ID on September 10, 2011. Blake finished second (21:24.46) and Wayment eleventh (22:57.70).",70782109
Gold Leaf Martini/Champagne Glass,9304077
Iceberg Photograph - Newsboy Ned Parfett Announcing The Sinking Of The Titanic by English School,21281017
[Women Wedding Rings Silver Plated Sun Flower CZ Personalized Rings Custom Made Size 10 by Aienid] (Parrot Costume Wings),80944011
Luxury / Gorgeous White Satin Bridal Wedding Dresses 2020 Ball Gown See-through Square Neckline Long Sleeve Backless Handmade  Beading Pearl Sweep Train Ruffle,8892264
"""Edinburgh International Film Festival, Sunday 26th June 2016<br /> <br /> Stars turn up on the closing night gala red carpet for the World Premiere of """"Whisky Galore!""""  at the Edinburgh International Film Festival 2016<br /> <br /> Fenella Woolgar who plays Dolly in the film with John Sessions<br /> <br /> (c) Alex Todd ",52267294
"Load image into Gallery viewer, USB Heated Vest - Mens Winter Body Warmer - ManKave Gifts & Accessories",49573947
2013 Fall New York Fashion Week: Michael Kors,96614187
30 Best Balayage Hair Colors Ideas Photos Of Blonde Caramel And,24507282
An F A-18 Launches Greeting Card by Celestial Images,75896723
Stunning Antique Design Free Standing Dressing Table Mirror M315 With Regard To Free Standing Dressing Table Mirrors (View 2 of 15),57063522
Feshionn IOBI Rings Vintage Filigree Channel Set Round CZ Solitaire Engagement Ring,53941718
1850 Queen Victoria Young Head Silver Threepence Reverse,25194437
Aluminum Square Pole 16A4SS125DB Buried View,59292609
The Future Of Beauty Retail Brands ?€? So What's Next?,9564089
Stainless Steel Automatic Labeling Machine For Paper Scratch Card / T-Shirt,61204491
Gemma high-neck velvet dress by A.L.C.,75959360
Taoiseach Enda Kenny is facing pressure from his party,92474947
Young woman in a cornfield - p1646m2293216 by Slava Chistyakov,18805527
Tips For Getting Best Dining Room Area Rugs,29176623
"Recipes for potato tacos Authentic Mexican Recipes, Mexican Food Recipes, Vegetarian Recipes, Cooking Recipes, Healthy Recipes, Real Mexican Food, Mexican Cooking, I Love Food, Good Food",25525622
GE?? 5.0 cu. ft. Capacity Smart Washer with Stainless Steel Basket,29948289
Glow in the Dark Light Reflecting Handbag Geometric Luminous Shoulder Bag Tote,59351426
vague-watches-new-04,43044375
Grey Living Area with Eicholtz rug and coffee table. Scatter cushion arrangement.,2243560
"Timeless Tree Journal (Diary, Notebook)",49971484
"""""""""""""""Water Dance"""""""" Stained Glass  Redbud Carla Thorn  Charles Topping""""""",7512539
"Additional photo for property listing at Colonial, Detached - BETHESDA, MD 5509 WILSON LN Bethesda, Maryland,20814 Verenigde Staten",43061071
4 Tiers Slim Slide Out Storage Tower Pantry Rolling Kitchen Laundry Bathroom 6901035609715 Ebay Kitchen Storage Hacks Storage Towers Storage,30301142
Yardley of London's Bond Street Beauty Preparations  Vision of Delight (1943),76430960
Source:  Lisa Raciti // Poolside at The Beverly Hills Hotel,55515042
Diesel Accessories MEN'S STAINLESS STEEL AND GRAY NYLON CORD BRACELET,37013533
"""""""Main Photo: 36 528 E 2ND Street in North Vancouver: Lower Lonsdale Townhouse for sale in """"""""FOUNDERS BLOCK SOUTH"""""""" : MLS??# R2530264""""""",97692988
Sustainable and Chic Fashion For A Living World,36889287
"Aegishjalmur, Helm of awe, Sigil, Rune magic T-Shirts - Women's Premium T-Shirt",40351570
BBS CH-RII 604 21x10.5 5x120 ET35 Satin Platinum Center Black Lip SS Rim Prot Wheel -82mm PFS/Clip Req,93090043
Stan with child actress Patsy May  on the set of Blockheads.,30442951
Hurricane At The Ready Spiral Notebook,15932187
High Quality Vegetable Purifier Water Treatment with Ozone Generator,89937241
dreadscapes extra large locks braids waterproof silicone swim cap,89064953
Country Kitchen With Island Bench,24912320
10 Best Short Thick Curly Hairstyles,30323329
Red-spotted Bluethroat,37088345
Study of a Telephone Box (i) by gon384,18355468
Red & Green Christmas Porch,78731776
Abbyson Henry Dark Brown Reversible Sofa Sectional|https://ak1.ostkcdn.com/images/products/14458093/P21020149.jpg?impolicy=medium,77583773
"5.10 Carat Simulated Emerald and 1.20 ct. t.w. CZ Ring in Sterling Silver, , default",78830068
Agents of Mayhem gameplay killen ever body,36572838
Men's Decoy Reversible Hoodie,48194622
"Pentagon chief Mattis quits, citing policy differences with Trump",86196936
For Galaxy J5 Prime Litchi Texture TPU Protective Back Cover Case (Red),96286148
"Elissa Leather Chain Strap Shoulder Bag, Created for Macy's",76521468
Missoni Grade Stripe Short Sleeve T-Shirt,75081861
"Marble Idea! Throw Pillow Size: 18 H x 18 W x 6 D, Color: Lavender / Pink",61347102
Single Faced Shelving Starter,2065504
"Memorial Day Remembrance  Monday, May 28, 2018 at 10am",64054157
Spirit Medical MS-300 Recumbent Stepper,1302118
assorted raw organic vegetables and fruits,31991539
Chocolate Brown/Beige/Mocha/Black/Abstract Area Rug Modern Contemporary...,1045613
"""""""This way to Europe lads!"""" Claude Puel wants his Leicester City players focused on finishing seventh. (Photo by Plumb Images/Leicester City FC via Getty Images)""",72691064
"More than 1,000 marketing executives gathered at Experian Marketing Services' 2014 Client Summit: Storytellers in Las Vegas July 23-25, 2014. Pictured left to right: Darshan Gad, director, Direct Marketing, Hilton Worldwide; Ashley Johnston, senior vice president of global marketing, Experian Marketing Services; and Dave Beveridge, senior vice president, marketing, Shoe Dazzle. (PRNewsFoto/Experian Marketing Services)",81475879
Book Bag Shopper,3252312
NordicTrack Elite 7700 Treadmill Review,87577986
St Tropez Arm Dining Chair by Tommy Bahama Outdoor Living at Baer's Furniture,67638530
Woman Standing on Clifftop by Beautiful Red Sunset,91411652
USC Trojans Pranzo Lunch Tote in Red,67333435
"Christopher Reeve, Terence Stamp",85088966
Industrial Forge Pendant Light,52240842
Underwater Macro Photography With Green Bubbles Rectangular Pillow,70109070
"Thumbnail for FEI Nations Cup Eventing, Malmo 2 August 2014",49687982
Top 5 Tips For Growing A Kaffir Lime Tree Indoors Us Citrus,81200883
"EX260, Integrated Type (For Output) Serial Transmission System",16923691
Industrious Desktop File Folder Organizer with 2 Pockets and 2 Drawers,61824967
"Nisha Rawal On Estranged Husband Karan Mehra: 'In Our Bedroom, There's No CCTV Camera, He Always Behaved Badly With Me There'-WATCH Video",33423583
Dsquared2 designer fitted sweater,15148536
10 best ceramic artists 10 best images about ceramic on ceramic,1023465
"Vaishnavi Serene Yoga Centre   Best Property to buy   1, 2, 3 BHK flats are available in Yelahanka, bengaluru with great amenities and Clubhouse",95693641
RDL TP-HA1A Format-A Stereo Headphone Amplifier,16688109
Schwalbe Hans Dampf 29 ADDIX MTB Tire (Tan Wall) (HS 491),42582290
Does Your Pet Need Pampering? Check Out These Local Spots!,54321869
Businessman leaning head on cubicle wall,6365062
6 tips for building a boutique closet woodworking network,62352579
Santorum In Louisiana,68917283
Android Stereo for Mercedes Benz B Class,31428275
"Amelia Solidwood Dresser with Mirror in Brown Colour,Bedside Tables",51406155
htc-m10.png,2136923
Petrified Wood Upper West Side Table PF-1041 by AIRE Furniture,20807656
"Tiny photo for 554 Whitewater Ridge Road #7, Sapphire, NC 28774 (MLS # 3349131)",27617019
"Pawar, Digvijay, Selja among 37 elected unopposed to RS",31069382
living room with brass and glass coffee table aged gold sculptures white stone fireplace mantel,8558755
Cargo Airlines 'J',41301226
Men's & Women's White Ceramic & White Gold + 22 Diamonds 0.22ct Wedding Band,51692396
"Porro - MODERN, designed by: Piero Lissoni + CRS",17305505
Unicorn pink hot chocolat,90071578
Shade Membrane Structure,8301678
Martin Gordon Men's Single Breasted Suit with Flat Front Pants,17006292
"St. James Anglican Church in Battle Harbour, Canada",89636664
Portrait of beautiful young bride holding bright bouquet in hands. wedding celebration. nature green background. woman alone outdoors at the park ?€? Photo,77030895
On The Golden Gate Bridge Computer Sleeve,21914350
Game Fallout Shelter 3d Led Night Light Touch Sensor Color Changing Nightlight Gift For Kids Child Bedroom Decorative Lamp 3d,43781446
baby sleeping on his back in a crib with blue sheets,20844626
"Tribute Leather Platform Sandal, Bronze",80722309
Kate Hudson 39 S Sexy Versace Dress Popsugar Fashion,40639103
19FW PLEATED MINI SKORT - TAN MELANGE,81181180
Beekeeping Jacket With Veil Hood Bee Keeping Protective Clothes One Size White,88516436
group of people doing jump shot photography,48553151
Florence Foster Jenkins,7717799
Best 25+ Sectional Sofa Layout Ideas Only On Pinterest | Family With Decorating With A Sectional Sofa (Image 9 of 15),51239170
Maui Jim Beaches H541-16A HCL BronzeSatin Gold,18342479
Vintage Style Crafted Acetate,86142793
Dr. Alban on Discogs,79681321
NEW Men's Cashmere Vee Neck - Kitted in Cashmere,63862540
Wilton Buttercream Cake Decorating Ideas : Best 25+ Cake borders ideas on Pinterest Cake piping ...,88212646
lc2 sofa gesucht g nstige reproduktionen. Black Bedroom Furniture Sets. Home Design Ideas,51020356
2020 nissan leaf 2020 nissan leaf design is based on the ids concept,15189242
Sweet Rose Blouse,4973496
Gingerbread House-44,76247002
Emma Stone in Givenchy by Riccardo Tisci,73730772
Anniversary Bands - Eternity Band,60713133
Sparta Prague 2011/12 Nike Home Kit,17185010
2014 AUTUMN / WINTER 5,36064706
NLC boss says part of Mama Ngina Waterfront project launched by Uhuru sits on stolen land,39088436
da42ae628891 Are you ready for the best boho-chic maxi dress ever! Get the look ...,988611
"Crock-Pot 7 Quart Round Enamel Cast Iron Covered Dutch Oven Cooker, Scarlet Red Perspective: top",7922083
Top 10 Best Bags For Cameras To Buy In 2020,87696597
"Buxton Grant Drive, Cary, NC 27519 (#2250745) :: Marti Hampton Team - Re/Max One Realty",76032019
Legislators are expected to vote Tuesday night on the settlement filed against the county last year after a 94-year-old Albany resident tripped and fell at her polling site.,4652574
Shorpioen 1006ABCP 10 x 0.37 Combination Pan Head Self Tapping Type AB Fully Threaded Screw - Zinc - Box of 10000 - image 1 of 1,86545728
Mountain Fog Greeting Card,56545323
Woman selling lotteries,14909119
Christmas Tree Lane in Altadena - Christmas Tree Lane In Altadena Things I Miss About Southern,31641011
"Floral Rhinestone Studded Spike Wedge Shoes 5 1/2 inch heels-sizes 7, 8, 9",89418826
Landing page template of Free Access and Open Content Illustration Concept. Isometric flat design concept of web page design for website and mobile website.Vector illustration,51981058
Home Maintenance Kit for 100 and L Series,75742651
Morocco Metal Prints - The Gates of El Geber in Morocco Metal Print by Francois Antoine Bossuet,63930700
Prodyne Fruit Infusion Flavor Pitcher (Acrylic Water Carafe With Lid compare prices),56589801
A-Line/Princess V-neck Tea-Length Tulle Wedding Dress,42541451
Stefano Oro - 182-799 Stefano Oro 14K Choice of Gold Tubing Choice of Size Diamond Cut Hoop Earrings,73824856
2015 Indy Supercross Commentary | KTM's Ryan Dungey,40700478
Wedding photo booth camper van,97453441
Jawbone UP3 Black,6894404
This couple flew for free on a private jet and you could do the same,60633652
Desks Home Office Furniture City Liquidators Furniture Warehouse Office Furniture Desks Portland Or S Leader In New,60568226
watch mirzapur series online free,94342062
sleeping baby with the thermometer in hand,44839497
"2002 Four Winns boat for sale, model of the boat is 268 Vista & Image # 8 of 40",15311606
Win a Trip for Two to Amsterdam,85601383
"Vegetarian Vietnamese summer rolls filled with smoked tofu, carrot, leaves, sesame seeds, coriander and spring onion stacked on a white plate",95045222
"Ms. Atchison, left, is an ordained minister with a master's degree in divinity.",51261996
Costa Concordia captain claims crew were last to leave stricken ship,203519
Meyer Lemon Custard Cake http://kitchenconundrum.com/2015/01/meyer-lemon-custard-cake/,68547648
Pictures of the Miss Universe 2012 Competition,50346025
Olivia Palermo and Asos necklace,6197212
Louise Minchin poses for a promotional image for Sport Relief On Thin Ice for the celebrities preparing to cycle skate and trek 100 miles across Lake...,83199615
