prompts,seeds,prompt_inds
"Elle Fanning at Variety's Power of Young Hollywood presented by Pixhug held at NeueHouse Hollywood, Los Angeles, California, United States...",5107435,5229800
"Herders with a yak team. Big Pamir, Afghanistan.",63270105,7094682
"3D When Marnie Was There 107 Anime Wall Murals Woven paper (need glue), XXXL 416cm x 254cm (HxW)(164''x100'')",7204754,5994895
Gretsch G5420 Electromatic AG LH,94121136,6138980
The Spawn Chunks 056: Technically Not Technical,47051435,6355004
"Zumba classes in Lodi attract professional dancers, casual exercisers",46722705,3488056
R's Racing Service - RRP Ultra Lightweight Pulley Kit,75549677,7618832
What's Causing the Squeeze on Passive Board Components?,3720939,3908939
friendly house portland se urban small lot portland oregon modern house green infill project designed,32071232,7471764
anne klein women's rose gold tone watch with leather band,48624429,4405645
'Marvel's Agents Of S.H.I.E.L.D.'s' Best Shots: The Show's Executive Producers Pick The 5 Episodes You Have To Watch Right Now,59628522,18482
Bezel-Set Solitaire Ring,89515135,4837667
James Bond Roger Moore Madeline Smith genuine authentic signed autograph photo,86305185,858145
French Apple and Calvados Tart nigellaeatseverything.com,96832086,5133156
Awe Inspiring Holiday At Bridge Cottage In Peppercombe North Devon The Interior Design Ideas Pimpapslepicentreinfo,36932232,880887
How Should Glasses Fit Your Face?,38156018,6061779
"""""""df9d78a8d82b Tame Impala's Kevin Parker: """"""""I have to feel worthless to want to make music""""""""""""""",56908192,663951
Pineapple Paradise Spiral Journal,6940563,6550560
Metod Base Cabinet With Shelves White Tingsryd Black 20x60 Cm Ikea,6369526,1365312
First Communion Veil with Clear Beads Edge,20129879,3100630
Journalist Isabelle Ithurburu attends the GQ Men Of The Year Awards 2017 at Le Trianon on November 15 2017 in Paris France,61429828,1250525
Southbend SLGB/22SC SilverStar Double Deck Gas Convection Oven Bakery Depth,51682697,8329452
Alexander McQueen Side-panel tailored trousers,15665194,491002
Traveler's Choice® TC3300 Toronto 29,61756590,3243327
"Photo of 159 E Pathfinders Circle, The Woodlands, TX 77381 (MLS # 17636899)",35861724,2296597
Hapag-Lloyd to roll out fleet management system,31947796,4691733
17 Empire Lamp Shade,19754084,2023052
"Get Out, the most talked about horror film of 2017, had many endings written, according to the film's director, Jordan Peele. But the one you saw in theaters wasn't the original. Instead of Rod (Lil Rel Howery) showing up to save Chris (Daniel Kaluuya), it was what everyone originally expected: two white cops. A defeated […]",72134512,860215
joshua-tree-anniversary-session-megan-welker-photography059,98385603,5099928
Maria Sharapova: Facts and stats behind Russian tennis great,25591985,7044869
Order Handmade Decorative Kutch Embroidery Parasol Umbrella Online,30245302,977847
Abstract Wall Art 'Urban Triptych 3 Large' - Urban Decor on Metal or Plexiglass - Image 3,97404215,8111133
Wooden Carved Snowflake XMAS Mug Coasters Chic Holder Coffee Tea Drinks Cup Mat,58427133,297441
Your first look at the dystopian desert world of Young Ones,20388940,561021
Mineral Warm Paint Trends For 2014 G Amp B Inspiration,67705429,4178706
Waring CAC72 1 Gallon Blender Container for Waring Blenders CB10B / CB10BT / CB15/CB15T,1852017,4447029
1834 CAPPED BUST SILVER HALF DIME  FINE 5C,98014324,8204144
Lorene Upholstered Bench by Everly Quinn,77917985,2209328
Allergies are thought to suppress the growth of cancerous cells in the brain.Photo / Thinkstock,10503315,252440
Zanerobe Sureshot Jogger Pants Tan,53202858,6113618
Lighthouse Throw Pillow featuring the photograph Cape May Lighthouse II by Christiane Schulze Art And Photography,31882427,8207060
Round Cut White Sapphire Butterfly S925 Silver Promise Rings,45374747,2275025
King of Rims New 16 inch RS Classic Design Wheel a set of 4 (Bbs Rims 4x100 compare prices),80397097,614381
End of bans on non-essential travel in Belgium,46004229,5439069
Wondrous Fenton Fenton Leather Dining Chairs Modern Dining Chairs Theyellowbook Wood Chair Design Ideas Theyellowbookinfo,65639237,1045671
Huawei to roll out its own operating system to  smartphones,29402396,8774938
Porsche 356 1979 Limited Edition Silk Screen by Andreas Hentrich,26260790,4533391
Headshot Portrait Of Textile Artist Holding Wooden Quilting Hoop In Front Of Quilted Kokopelli Figures,24642311,5385611
1938 Frazer Nash BMW 328 For Sale at The Classic Motor Hub,87123219,9287289
street art interacts with nature 6,95932917,7486605
Beautiful present boxes,8585399,8147904
Water Drip String Ethnic Drop Earrings Boho Bohemian Accessories,67154904,7343242
Connor Pleather Slides in Blush,28310929,5126443
"These healthy pumpkin spice oatmeal cookies are gluten free and super easy to make. Bake them up when you're short on time, but still want all that wonderful pumpkin spice flavor of fall.",45142757,1904512
Flame and fire symbols Imagens,74642291,1959012
Jinllingsly - Gray 3 Piece Sectional,44597296,2342912
balance note diamond Earrings,83007679,289898
Mother of the Bride Bangle Bracelet - Heartfelt Tokens,21087201,5475152
Adults Aquas Glove,11522709,6417391
thai-kylling-suppe,10428584,1161503
passiflora caerulea blaue passionsblume tropical seeds. Black Bedroom Furniture Sets. Home Design Ideas,68815179,2534469
Leather Watchband 24mm 22mm 20mm Black Men Women Watches Band 18mm 16mm Wrist Watch Strap 14mm 12mm Metal Buckle Brown 2019 New,85350367,8748573
Dillards Dresses Sale 106 Best Antonio Melani Fashion Images On With Dillards Womens Dresses,684362,1819294
20 incredible moments from India Couture Week 2016,83307392,6660389
STEALTHY: The USS Zumwalt is undergoing a series of tests in the Atlantic Ocean.,54728297,3170518
"garland with cream, pale blue and turquoise tassels, hanging on a cream wall, decorated with three posters, and other ornaments, bed with three pillows nearby",77852468,4607549
White flower bouquet frame one side,23986963,4487008
MOTOGP Championship Grand Prix superbike race racing moto le-mans (132) wallpaper,11016906,7674513
"St Paul's from Bankside, London by William Richardson",21863910,6042436
"Travel Makeup Train Case, Professional Cosmetic Bag Portable",74718678,8963759
Danang house for rent Phan Tu Street living room 2,33435277,7761745
Room Darkening Print Curtains for Bedroom Blackout Tile Print Drapes 2 Planes,43709515,8804973
Davelandblog: Screen Gem Saturdays: Sixteen Candles,46510638,5489866
Powders and Grains,29368535,586980
Spigen Liquid Air Armor Designed for Samsung Galaxy S8 Case (2017) - Black,59808824,375626
Motor Yacht Navetta 73 by Absolute Yachts 2017,17688635,2585092
Matrix - Cama doble plegable con escritorio y estantes,51074553,2667968
black video camera on rock,71580146,8380268
Extended and Upgraded Villa | Full Polo Field View,44227485,681368
Woven Backpack,99876612,3656375
David Wight Glass Art Sculptures at Ocean Blue Galleries,24929096,7050219
levin residence5,23247113,4898490
online Exposed Zip Suede Shorts - PINK L,61891967,7665003
Nike Mercurial Vapor 11 CR7 Chapter 5 Cut to Brilliance (6),41537232,6251793
lonelyness: swimming single goldfish isolated on white showing lonelyness concept,21311447,6962175
Hacklesbury - Brownstone 4 Piece Sectional,35962252,1248573
cnh industrial,71810376,8734451
"""14"""" TULIP & TEDDY*Bearington Bear*NEW*NWT*Spring*Flower*Garden*143286""",54785832,2888136
Royal Blue PU and Velvet Flap Pocket Drawstring Backpack,7747041,4723067
Black Cats are Beautiful / .,99466667,7803215
"Michelle Sourie Robinson, President, Michigan Minority Supplier Development Council",97161295,1759947
quick access toolbar excel,53272779,7253536
"Emily Blake (blue top) and Kara Wayment (white top) at the start of the Roger Curran Memorial Run girl's junior varsity 5k race at West Park in Nampa, ID on September 10, 2011. Blake finished second (21:24.46) and Wayment eleventh (22:57.70).",70782109,7263792
Gold Leaf Martini/Champagne Glass,9304077,5927128
Iceberg Photograph - Newsboy Ned Parfett Announcing The Sinking Of The Titanic by English School,21281017,1387620
[Women Wedding Rings Silver Plated Sun Flower CZ Personalized Rings Custom Made Size 10 by Aienid] (Parrot Costume Wings),80944011,4820087
Luxury / Gorgeous White Satin Bridal Wedding Dresses 2020 Ball Gown See-through Square Neckline Long Sleeve Backless Handmade  Beading Pearl Sweep Train Ruffle,8892264,3245570
"""Edinburgh International Film Festival, Sunday 26th June 2016<br /> <br /> Stars turn up on the closing night gala red carpet for the World Premiere of """"Whisky Galore!""""  at the Edinburgh International Film Festival 2016<br /> <br /> Fenella Woolgar who plays Dolly in the film with John Sessions<br /> <br /> (c) Alex Todd ",52267294,5321128
"Load image into Gallery viewer, USB Heated Vest - Mens Winter Body Warmer - ManKave Gifts & Accessories",49573947,2178663
2013 Fall New York Fashion Week: Michael Kors,96614187,512098
30 Best Balayage Hair Colors Ideas Photos Of Blonde Caramel And,24507282,4039611
An F A-18 Launches Greeting Card by Celestial Images,75896723,2125853
Stunning Antique Design Free Standing Dressing Table Mirror M315 With Regard To Free Standing Dressing Table Mirrors (View 2 of 15),57063522,1235457
Feshionn IOBI Rings Vintage Filigree Channel Set Round CZ Solitaire Engagement Ring,53941718,4192439
1850 Queen Victoria Young Head Silver Threepence Reverse,25194437,7749701
Aluminum Square Pole 16A4SS125DB Buried View,59292609,934451
The Future Of Beauty Retail Brands – So What's Next?,9564089,8534925
Stainless Steel Automatic Labeling Machine For Paper Scratch Card / T-Shirt,61204491,938485
Gemma high-neck velvet dress by A.L.C.,75959360,9209171
Taoiseach Enda Kenny is facing pressure from his party,92474947,5995914
Young woman in a cornfield - p1646m2293216 by Slava Chistyakov,18805527,6827500
Tips For Getting Best Dining Room Area Rugs,29176623,7447386
"Recipes for potato tacos Authentic Mexican Recipes, Mexican Food Recipes, Vegetarian Recipes, Cooking Recipes, Healthy Recipes, Real Mexican Food, Mexican Cooking, I Love Food, Good Food",25525622,2305174
GE® 5.0 cu. ft. Capacity Smart Washer with Stainless Steel Basket,29948289,3863339
Glow in the Dark Light Reflecting Handbag Geometric Luminous Shoulder Bag Tote,59351426,3247832
vague-watches-new-04,43044375,6278648
Grey Living Area with Eicholtz rug and coffee table. Scatter cushion arrangement.,2243560,8447916
"Timeless Tree Journal (Diary, Notebook)",49971484,3978472
"""""""""""""""Water Dance"""""""" Stained Glass  Redbud Carla Thorn – Charles Topping""""""",7512539,7166117
"Additional photo for property listing at Colonial, Detached - BETHESDA, MD 5509 WILSON LN Bethesda, Maryland,20814 Verenigde Staten",43061071,7316879
4 Tiers Slim Slide Out Storage Tower Pantry Rolling Kitchen Laundry Bathroom 6901035609715 Ebay Kitchen Storage Hacks Storage Towers Storage,30301142,8837778
Yardley of London's Bond Street Beauty Preparations – Vision of Delight (1943),76430960,4547815
Source:  Lisa Raciti  // Poolside at The Beverly Hills Hotel,55515042,2108547
Diesel Accessories MEN'S STAINLESS STEEL AND GRAY NYLON CORD BRACELET,37013533,5517195
"""""""Main Photo: 36 528 E 2ND Street in North Vancouver: Lower Lonsdale Townhouse for sale in """"""""FOUNDERS BLOCK SOUTH"""""""" : MLS®# R2530264""""""",97692988,5691304
Sustainable and Chic Fashion For A Living World,36889287,2971617
"Aegishjalmur, Helm of awe, Sigil, Rune magic T-Shirts - Women's Premium T-Shirt",40351570,4571189
BBS CH-RII 604 21x10.5 5x120 ET35 Satin Platinum Center Black Lip SS Rim Prot Wheel -82mm PFS/Clip Req,93090043,5334490
Stan with child actress Patsy May  on the set of Blockheads.,30442951,1031903
Hurricane At The Ready Spiral Notebook,15932187,9201607
High Quality Vegetable Purifier Water Treatment with Ozone Generator,89937241,4924150
dreadscapes extra large locks braids waterproof silicone swim cap,89064953,7226712
Country Kitchen With Island Bench,24912320,8343904
10 Best Short Thick Curly Hairstyles,30323329,1687369
Red-spotted Bluethroat,37088345,4538940
Study of a Telephone Box (i) by gon384,18355468,8922064
Red & Green Christmas Porch,78731776,2795656
Abbyson Henry Dark Brown Reversible Sofa Sectional|https://ak1.ostkcdn.com/images/products/14458093/P21020149.jpg?impolicy=medium,77583773,1793697
"5.10 Carat Simulated Emerald and 1.20 ct. t.w. CZ Ring in Sterling Silver, , default",78830068,1322569
Agents of Mayhem gameplay killen ever body,36572838,2912781
Men's Decoy Reversible Hoodie,48194622,309858
"Pentagon chief Mattis quits, citing policy differences with Trump",86196936,4997263
For Galaxy J5 Prime Litchi Texture TPU Protective Back Cover Case (Red),96286148,5645856
"Elissa Leather Chain Strap Shoulder Bag, Created for Macy's",76521468,8746847
Missoni Grade Stripe Short Sleeve T-Shirt,75081861,5929690
"Marble Idea! Throw Pillow Size: 18 H x 18 W x 6 D, Color: Lavender / Pink",61347102,4533967
Single Faced Shelving Starter,2065504,4389764
"Memorial Day Remembrance  Monday, May 28, 2018 at 10am",64054157,6007452
Spirit Medical MS-300 Recumbent Stepper,1302118,67227
assorted raw organic vegetables and fruits,31991539,1370794
Chocolate Brown/Beige/Mocha/Black/Abstract Area Rug Modern Contemporary...,1045613,3179442
"""""""This way to Europe lads!"""" Claude Puel wants his Leicester City players focused on finishing seventh. (Photo by Plumb Images/Leicester City FC via Getty Images)""",72691064,7280054
"More than 1,000 marketing executives gathered at Experian Marketing Services' 2014 Client Summit: Storytellers in Las Vegas July 23-25, 2014. Pictured left to right: Darshan Gad, director, Direct Marketing, Hilton Worldwide; Ashley Johnston, senior vice president of global marketing, Experian Marketing Services; and Dave Beveridge, senior vice president, marketing, Shoe Dazzle. (PRNewsFoto/Experian Marketing Services)",81475879,467413
Book Bag Shopper,3252312,1738497
NordicTrack Elite 7700 Treadmill Review,87577986,1860652
St Tropez Arm Dining Chair by Tommy Bahama Outdoor Living at Baer's Furniture,67638530,4945468
Woman Standing on Clifftop by Beautiful Red Sunset,91411652,4508425
USC Trojans Pranzo Lunch Tote in Red,67333435,3756017
"Christopher Reeve, Terence Stamp",85088966,5429827
Industrial Forge Pendant Light,52240842,2156252
Underwater Macro Photography With Green Bubbles Rectangular Pillow,70109070,7685292
"Thumbnail for FEI Nations Cup™ Eventing, Malmo 2 August 2014",49687982,6045869
Top 5 Tips For Growing A Kaffir Lime Tree Indoors Us Citrus,81200883,2912585
"EX260, Integrated Type (For Output) Serial Transmission System",16923691,2616598
Industrious Desktop File Folder Organizer with 2 Pockets and 2 Drawers,61824967,2995679
"Nisha Rawal On Estranged Husband Karan Mehra: 'In Our Bedroom, There's No CCTV Camera, He Always Behaved Badly With Me There'-WATCH Video",33423583,6057097
Dsquared2 designer fitted sweater,15148536,6262070
10 best ceramic artists 10 best images about ceramic on ceramic,1023465,8451860
"Vaishnavi Serene Yoga Centre   Best Property to buy   1, 2, 3 BHK flats are available in Yelahanka, bengaluru with great amenities and Clubhouse",95693641,4055687
RDL TP-HA1A Format-A Stereo Headphone Amplifier,16688109,1575399
Schwalbe Hans Dampf 29 ADDIX MTB Tire (Tan Wall) (HS 491),42582290,4752004
Does Your Pet Need Pampering? Check Out These Local Spots!,54321869,530094
Businessman leaning head on cubicle wall,6365062,3803667
6 tips for building a boutique closet woodworking network,62352579,4909978
Santorum In Louisiana,68917283,76327
Android Stereo for Mercedes Benz B Class,31428275,1735127
"Amelia Solidwood Dresser with Mirror in Brown Colour,Bedside Tables",51406155,7192762
htc-m10.png,2136923,6118318
Petrified Wood Upper West Side Table PF-1041 by AIRE Furniture,20807656,6887117
"Tiny photo for 554 Whitewater Ridge Road #7, Sapphire, NC 28774 (MLS # 3349131)",27617019,76270
"Pawar, Digvijay, Selja among 37 elected unopposed to RS",31069382,7000220
living room with brass and glass coffee table aged gold sculptures white stone fireplace mantel,8558755,6770614
Cargo Airlines 'J',41301226,7132813
Men's & Women's White Ceramic & White Gold + 22 Diamonds 0.22ct Wedding Band,51692396,3565940
"Porro - MODERN, designed by: Piero Lissoni + CRS",17305505,6862473
Unicorn pink hot chocolat,90071578,4466757
Shade Membrane Structure,8301678,7054234
Martin Gordon Men's Single Breasted Suit with Flat Front Pants,17006292,9308745
"St. James Anglican Church in Battle Harbour, Canada",89636664,7293045
Portrait of beautiful young bride holding bright bouquet in hands. wedding celebration. nature green background. woman alone outdoors at the park — Photo,77030895,2993253
On The Golden Gate Bridge Computer Sleeve,21914350,8868238
Game Fallout Shelter 3d Led Night Light Touch Sensor Color Changing Nightlight Gift For Kids Child Bedroom Decorative Lamp 3d,43781446,1587844
baby sleeping on his back in a crib with blue sheets,20844626,4186076
"Tribute Leather Platform Sandal, Bronze",80722309,1041789
Kate Hudson 39 S Sexy Versace Dress Popsugar Fashion,40639103,6588678
19FW PLEATED MINI SKORT - TAN MELANGE,81181180,5754672
Beekeeping Jacket With Veil Hood Bee Keeping Protective Clothes One Size White,88516436,1912108
group of people doing jump shot photography,48553151,4827993
Florence Foster Jenkins,7717799,6066988
Best 25+ Sectional Sofa Layout Ideas Only On Pinterest | Family With Decorating With A Sectional Sofa (Image 9 of 15),51239170,1468236
Maui Jim Beaches H541-16A HCL BronzeSatin Gold,18342479,5511704
Vintage Style Crafted Acetate,86142793,2308372
Dr. Alban on Discogs,79681321,6056028
NEW Men's Cashmere Vee Neck - Kitted in Cashmere,63862540,895389
Wilton Buttercream Cake Decorating Ideas : Best 25+ Cake borders ideas on Pinterest Cake piping ...,88212646,8913399
lc2 sofa gesucht g nstige reproduktionen. Black Bedroom Furniture Sets. Home Design Ideas,51020356,3453745
2020 nissan leaf 2020 nissan leaf design is based on the ids concept,15189242,7459053
Sweet Rose Blouse,4973496,3321330
Gingerbread House-44,76247002,8291976
Emma Stone in Givenchy by Riccardo Tisci,73730772,8747119
Anniversary Bands - Eternity Band,60713133,8375786
Sparta Prague 2011/12 Nike Home Kit,17185010,2687313
2014 AUTUMN / WINTER 5,36064706,2879779
NLC boss says part of Mama Ngina Waterfront project launched by Uhuru sits on stolen land,39088436,8241097
da42ae628891 Are you ready for the best boho-chic maxi dress ever! Get the look ...,988611,3969469
"Crock-Pot 7 Quart Round Enamel Cast Iron Covered Dutch Oven Cooker, Scarlet Red Perspective: top",7922083,3710381
Top 10 Best Bags For Cameras To Buy In 2020,87696597,1804223
"Buxton Grant Drive, Cary, NC 27519 (#2250745) :: Marti Hampton Team - Re/Max One Realty",76032019,7874710
Legislators are expected to vote Tuesday night on the settlement filed against the county last year after a 94-year-old Albany resident tripped and fell at her polling site.,4652574,128386
Shorpioen 1006ABCP 10 x 0.37 Combination Pan Head Self Tapping Type AB Fully Threaded Screw - Zinc - Box of 10000 - image 1 of 1,86545728,1630164
Mountain Fog Greeting Card,56545323,9430580
Woman selling lotteries,14909119,9236714
Christmas Tree Lane in Altadena - Christmas Tree Lane In Altadena Things I Miss About Southern,31641011,6293688
"Floral Rhinestone Studded Spike Wedge Shoes 5 1/2 inch heels-sizes 7, 8, 9",89418826,7579930
Landing page template of Free Access and Open Content Illustration Concept. Isometric flat design concept of web page design for website and mobile website.Vector illustration,51981058,3143055
Home Maintenance Kit for 100 and L Series,75742651,8405652
Morocco Metal Prints - The Gates of El Geber in Morocco Metal Print by Francois Antoine Bossuet,63930700,5133555
Prodyne Fruit Infusion Flavor Pitcher (Acrylic Water Carafe With Lid compare prices),56589801,2502377
A-Line/Princess V-neck Tea-Length Tulle Wedding Dress,42541451,7842276
Stefano Oro - 182-799 Stefano Oro 14K Choice of Gold Tubing Choice of Size Diamond Cut Hoop Earrings,73824856,9294580
2015 Indy Supercross Commentary | KTM's Ryan Dungey,40700478,8056102
Wedding photo booth camper van,97453441,1716388
Браслет Jawbone UP3 Black,6894404,5291645
This couple flew for free on a private jet – and you could do the same,60633652,4535981
Desks Home Office Furniture City Liquidators Furniture Warehouse Office Furniture Desks Portland Or S Leader In New,60568226,4336948
watch mirzapur series online free,94342062,9124709
sleeping baby with the thermometer in hand,44839497,8658560
"2002 Four Winns boat for sale, model of the boat is 268 Vista & Image # 8 of 40",15311606,452998
Win a Trip for Two to Amsterdam,85601383,8235321
"Vegetarian Vietnamese summer rolls filled with smoked tofu, carrot, leaves, sesame seeds, coriander and spring onion stacked on a white plate",95045222,558993
"Ms. Atchison, left, is an ordained minister with a master's degree in divinity.",51261996,7606600
Costa Concordia captain claims crew were last to leave stricken ship,203519,222345
Meyer Lemon Custard Cake http://kitchenconundrum.com/2015/01/meyer-lemon-custard-cake/,68547648,6192547
Pictures of the Miss Universe 2012 Competition,50346025,4132135
Olivia Palermo and Asos necklace,6197212,7116236
Louise Minchin poses for a promotional image for Sport Relief On Thin Ice for the celebrities preparing to cycle skate and trek 100 miles across Lake...,83199615,1150227
